time,cpu,mem,disk
2026-03-19 00:28:33,2,11,9
2026-03-19 00:28:36,2,11,9
2026-03-19 00:28:39,2,11,9
2026-03-19 00:28:42,2,11,9
2026-03-19 00:28:45,3,11,9
2026-03-19 00:28:48,2,11,9
2026-03-19 00:35:02,18,11,9
2026-03-19 00:35:05,17,11,9
2026-03-19 00:35:08,16,11,9
2026-03-19 00:35:26,2,11,9
2026-03-19 00:35:29,2,11,9
2026-03-19 00:35:32,2,11,9
2026-03-19 00:35:35,2,11,9
2026-03-19 00:35:38,1,11,9
2026-03-19 00:35:41,5,11,9
2026-03-19 00:35:44,1,11,9
2026-03-19 00:35:47,2,11,9
2026-03-19 00:35:50,1,11,9
2026-03-19 00:35:53,2,11,9
2026-03-23 00:15:43,0,21,6
2026-03-23 00:15:46,0,21,6
2026-03-23 00:15:49,0,21,6
2026-03-23 00:15:52,0,21,6
2026-03-23 00:15:55,0,21,6
2026-03-23 00:15:58,1,21,6
2026-03-23 00:16:00,1,21,6
2026-03-23 00:16:03,0,21,6
2026-03-23 00:16:06,1,21,6
2026-03-23 00:16:09,0,21,6
2026-03-23 00:16:12,0,21,6
2026-03-23 00:16:15,0,21,6
2026-03-23 00:16:18,0,21,6
2026-03-23 00:16:21,1,21,6
2026-03-23 00:16:23,1,21,6
2026-03-23 00:16:26,1,21,6
2026-03-23 00:16:29,0,21,6
2026-03-23 00:16:32,0,21,6
2026-03-23 00:16:35,1,21,6
2026-03-23 00:16:38,0,21,6
2026-03-23 00:16:41,1,21,6
2026-03-23 00:16:44,0,21,6
2026-03-23 00:16:47,0,21,6
2026-03-23 00:16:49,0,21,6
2026-03-23 00:16:52,1,21,6
2026-03-23 00:16:55,0,21,6
2026-03-23 00:16:58,1,21,6
2026-03-23 00:17:01,2,21,6
2026-03-23 00:17:04,2,21,6
2026-03-23 00:17:07,0,21,6
2026-03-23 00:17:10,0,21,6
2026-03-23 00:17:12,0,21,6
2026-03-23 00:17:15,0,21,6
2026-03-23 00:17:18,0,21,6
2026-03-23 00:17:21,0,21,6
2026-03-23 00:17:24,0,21,6
2026-03-23 00:17:27,0,21,6
2026-03-23 00:17:30,1,21,6
2026-03-23 00:17:33,0,21,6
2026-03-23 00:17:36,0,21,6
2026-03-23 00:17:38,1,21,6
2026-03-23 00:17:41,5,21,6
2026-03-23 00:17:44,0,21,6
2026-03-23 00:17:47,0,21,6
2026-03-23 00:17:50,0,21,6
2026-03-23 00:17:53,0,21,6
2026-03-23 00:17:56,0,21,6
2026-03-23 00:17:59,1,21,6
2026-03-23 00:18:01,0,21,6
2026-03-23 00:18:04,0,21,6
2026-03-23 00:18:07,1,21,6
2026-03-23 00:18:10,0,21,6
2026-03-23 00:18:13,1,21,6
2026-03-23 00:18:16,1,21,6
2026-03-23 00:18:19,2,21,6
2026-03-23 00:18:22,1,21,6
2026-03-23 00:18:25,2,21,6
2026-03-23 00:18:27,0,21,6
2026-03-23 00:18:30,1,21,6
2026-03-23 00:18:33,1,21,6
2026-03-23 00:18:36,0,21,6
2026-03-23 00:18:39,0,21,6
2026-03-23 00:18:42,1,21,6
2026-03-23 00:18:45,0,21,6
2026-03-23 00:18:48,0,21,6
2026-03-23 00:18:50,1,21,6
2026-03-23 00:18:53,2,21,6
2026-03-23 00:18:56,4,21,6
2026-03-23 00:18:59,0,21,6
2026-03-23 00:19:02,0,21,6
2026-03-23 00:19:05,0,21,6
2026-03-23 00:19:08,0,21,6
2026-03-23 00:19:11,1,21,6
2026-03-23 00:19:14,1,21,6
2026-03-23 00:19:16,1,21,6
2026-03-23 00:19:19,0,21,6
2026-03-23 00:19:22,1,21,6
2026-03-23 00:19:25,1,21,6
2026-03-23 00:19:28,1,21,6
2026-03-23 00:19:31,0,21,6
2026-03-23 00:19:34,0,21,6
2026-03-23 00:19:37,1,21,6
2026-03-23 00:19:40,0,21,6
2026-03-23 00:19:42,2,21,6
2026-03-23 00:19:45,2,21,6
2026-03-23 00:19:48,0,21,6
2026-03-23 00:19:51,0,21,6
2026-03-23 00:19:54,0,21,6
2026-03-23 00:19:57,1,21,6
2026-03-23 00:20:00,1,21,6
2026-03-23 00:20:03,2,21,6
2026-03-23 00:20:05,0,21,6
2026-03-23 00:20:08,1,21,6
2026-03-23 00:20:11,2,21,6
2026-03-23 00:20:14,1,21,6
2026-03-23 00:20:17,0,21,6
2026-03-23 00:20:20,0,21,6
2026-03-23 00:20:23,1,21,6
2026-03-23 00:20:26,0,21,6
2026-03-23 00:20:29,2,21,6
2026-03-23 00:20:31,1,21,6
2026-03-23 00:20:34,0,21,6
2026-03-23 00:20:37,0,21,6
2026-03-23 00:20:40,1,21,6
2026-03-23 00:20:43,0,21,6
2026-03-23 00:20:46,1,21,6
2026-03-23 00:20:49,2,21,6
2026-03-23 00:20:52,0,21,6
2026-03-23 00:20:54,0,21,6
2026-03-23 00:20:57,0,21,6
2026-03-23 00:21:00,1,21,6
2026-03-23 00:21:03,0,21,6
2026-03-23 00:21:06,0,21,6
2026-03-23 00:21:09,1,21,6
2026-03-23 00:21:12,1,21,6
2026-03-23 00:21:15,0,21,6
2026-03-23 00:21:18,0,21,6
2026-03-23 00:21:20,1,21,6
2026-03-23 00:21:23,1,21,6
2026-03-23 00:21:26,1,21,6
2026-03-23 00:21:29,1,21,6
2026-03-23 00:21:32,0,21,6
2026-03-23 00:21:35,1,21,6
2026-03-23 00:21:38,0,21,6
2026-03-23 00:21:41,0,21,6
2026-03-23 00:21:43,1,21,6
2026-03-23 00:21:46,1,21,6
2026-03-23 00:21:49,0,21,6
2026-03-23 00:21:52,0,21,6
2026-03-23 00:21:55,0,21,6
2026-03-23 00:21:58,0,21,6
2026-03-23 00:22:01,1,21,6
2026-03-23 00:22:04,0,21,6
2026-03-23 00:22:07,0,21,6
2026-03-23 00:22:09,1,21,6
2026-03-23 00:22:12,2,21,6
2026-03-23 00:22:15,0,21,6
2026-03-23 00:22:18,1,21,6
2026-03-23 00:22:21,0,21,6
2026-03-23 00:22:24,1,21,6
2026-03-23 00:22:27,6,21,6
2026-03-23 00:22:30,2,21,6
2026-03-23 00:22:32,0,21,6
2026-03-23 00:22:35,0,21,6
2026-03-23 00:22:38,0,21,6
2026-03-23 00:22:41,0,21,6
2026-03-23 00:22:44,1,21,6
2026-03-23 00:22:47,1,21,6
2026-03-23 00:22:50,0,21,6
2026-03-23 00:22:53,1,21,6
2026-03-23 00:22:56,0,21,6
2026-03-23 00:22:58,0,21,6
2026-03-23 00:23:01,4,21,6
2026-03-23 00:23:04,1,21,6
2026-03-23 00:23:07,0,21,6
2026-03-23 00:23:10,0,21,6
2026-03-23 00:23:13,0,21,6
2026-03-23 00:23:16,0,21,6
2026-03-23 00:23:19,0,21,6
2026-03-23 00:23:21,0,21,6
2026-03-23 00:23:24,1,21,6
2026-03-23 00:23:27,0,21,6
2026-03-23 00:23:30,1,21,6
2026-03-23 00:23:33,0,21,6
2026-03-23 00:23:36,0,21,6
2026-03-23 00:23:39,0,21,6
2026-03-23 00:23:42,0,21,6
2026-03-23 00:23:44,1,21,6
2026-03-23 00:23:47,1,21,6
2026-03-23 00:23:50,1,21,6
2026-03-23 00:23:53,0,21,6
2026-03-23 00:23:56,0,21,6
2026-03-23 00:23:59,1,21,6
2026-03-23 00:24:02,1,21,6
2026-03-23 00:24:05,1,21,6
2026-03-23 00:24:08,1,21,6
2026-03-23 00:24:10,0,21,6
2026-03-23 00:24:13,1,21,6
2026-03-23 00:24:16,2,21,6
2026-03-23 00:24:19,1,21,6
2026-03-23 00:24:22,0,21,6
2026-03-23 00:24:25,1,21,6
2026-03-23 00:24:28,0,21,6
2026-03-23 00:24:31,0,21,6
2026-03-23 00:24:34,0,21,6
2026-03-23 00:24:36,0,21,6
2026-03-23 00:24:39,1,21,6
2026-03-23 00:24:42,0,21,6
2026-03-23 00:24:45,1,21,6
2026-03-23 00:24:48,2,21,6
2026-03-23 00:24:51,0,21,6
2026-03-23 00:24:54,0,21,6
2026-03-23 00:24:57,0,21,6
2026-03-23 00:24:59,0,21,6
2026-03-23 00:25:02,0,21,6
2026-03-23 00:25:05,1,21,6
2026-03-23 00:25:08,1,21,6
2026-03-23 00:25:11,0,21,6
2026-03-23 00:25:14,0,21,6
2026-03-23 00:25:17,0,21,6
2026-03-23 00:25:20,0,21,6
2026-03-23 00:25:22,1,21,6
2026-03-23 00:25:25,1,21,6
2026-03-23 00:25:28,1,21,6
2026-03-23 00:25:31,0,21,6
2026-03-23 00:25:34,0,21,6
2026-03-23 00:25:37,0,21,6
2026-03-23 00:25:40,0,21,6
2026-03-23 00:25:43,0,21,6
2026-03-23 00:25:46,0,21,6
2026-03-23 00:25:48,1,21,6
2026-03-23 00:25:51,0,21,6
2026-03-23 00:25:54,0,21,6
2026-03-23 00:25:57,0,21,6
2026-03-23 00:26:00,1,21,6
2026-03-23 00:26:03,0,21,6
2026-03-23 00:26:06,1,21,6
2026-03-23 00:26:09,1,21,6
2026-03-23 00:26:11,0,21,6
2026-03-23 00:26:14,1,21,6
2026-03-23 00:26:17,2,21,6
2026-03-23 00:26:20,1,21,6
2026-03-23 00:26:23,1,21,6
2026-03-23 00:26:26,0,21,6
2026-03-23 00:26:29,0,21,6
2026-03-23 00:26:32,0,21,6
2026-03-23 00:26:35,0,21,6
2026-03-23 00:26:37,0,21,6
2026-03-23 00:26:40,0,21,6
2026-03-23 00:26:43,1,21,6
2026-03-23 00:26:46,1,21,6
2026-03-23 00:26:49,1,21,6
2026-03-23 00:26:52,1,21,6
2026-03-23 00:26:55,0,21,6
2026-03-23 00:26:58,2,21,6
2026-03-23 00:27:00,0,21,6
2026-03-23 00:27:03,1,21,6
2026-03-23 00:27:06,4,21,6
2026-03-23 00:27:09,1,21,6
2026-03-23 00:27:12,1,21,6
2026-03-23 00:27:15,1,21,6
2026-03-23 00:27:18,0,21,6
2026-03-23 00:27:21,0,21,6
2026-03-23 00:27:24,1,21,6
2026-03-23 00:27:26,0,21,6
2026-03-23 00:27:29,4,21,6
2026-03-23 00:27:32,1,21,6
2026-03-23 00:27:35,0,21,6
2026-03-23 00:27:38,0,21,6
2026-03-23 00:27:41,1,21,6
2026-03-23 00:27:44,2,21,6
2026-03-23 00:27:47,1,21,6
2026-03-23 00:27:49,1,21,6
2026-03-23 00:27:52,0,21,6
2026-03-23 00:27:55,0,21,6
2026-03-23 00:27:58,0,21,6
2026-03-23 00:28:01,0,21,6
2026-03-23 00:28:04,1,21,6
2026-03-23 00:28:07,0,21,6
2026-03-23 00:28:10,1,21,6
2026-03-23 00:28:12,0,21,6
2026-03-23 00:28:15,1,21,6
2026-03-23 00:28:18,0,21,6
2026-03-23 00:28:21,1,21,6
2026-03-23 00:28:24,0,21,6
2026-03-23 00:28:27,0,21,6
2026-03-23 00:28:30,0,21,6
2026-03-23 00:28:33,0,21,6
2026-03-23 00:28:36,0,21,6
2026-03-23 00:28:38,0,21,6
2026-03-23 00:28:41,0,21,6
2026-03-23 00:28:44,0,21,6
2026-03-23 00:28:47,0,21,6
2026-03-23 00:28:50,0,21,6
2026-03-23 00:28:53,0,21,6
2026-03-23 00:28:56,0,21,6
2026-03-23 00:28:59,1,21,6
2026-03-23 00:29:01,0,21,6
2026-03-23 00:29:04,0,21,6
2026-03-23 00:29:07,1,21,6
2026-03-23 00:29:10,0,21,6
2026-03-23 00:29:13,0,21,6
2026-03-23 00:29:16,0,21,6
2026-03-23 00:29:19,0,21,6
2026-03-23 00:29:22,0,21,6
2026-03-23 00:29:25,1,21,6
2026-03-23 00:29:27,0,21,6
2026-03-23 00:29:30,0,21,6
2026-03-23 00:29:33,1,21,6
2026-03-23 00:29:36,0,21,6
2026-03-23 00:29:39,1,21,6
2026-03-23 00:29:42,1,21,6
2026-03-23 00:29:45,0,21,6
2026-03-23 00:29:48,0,21,6
2026-03-23 00:29:50,0,21,6
2026-03-23 00:29:53,2,21,6
2026-03-23 00:29:56,5,21,6
2026-03-23 00:29:59,0,21,6
2026-03-23 00:30:02,0,21,6
2026-03-23 00:30:05,0,21,6
2026-03-23 00:30:08,1,21,6
2026-03-23 00:30:11,0,21,6
2026-03-23 00:30:14,0,21,6
2026-03-23 00:30:16,0,21,6
2026-03-23 00:30:19,1,21,6
2026-03-23 00:30:22,1,21,6
2026-03-23 00:30:25,1,21,6
2026-03-23 00:30:28,1,21,6
2026-03-23 00:30:31,0,21,6
2026-03-23 00:30:34,1,21,6
2026-03-23 00:30:37,0,21,6
2026-03-23 00:30:39,0,21,6
2026-03-23 00:30:42,0,21,6
2026-03-23 00:30:45,1,21,6
2026-03-23 00:30:48,1,21,6
2026-03-23 00:30:51,0,21,6
2026-03-23 00:30:54,0,21,6
2026-03-23 00:30:57,0,21,6
2026-03-23 00:31:00,0,21,6
2026-03-23 00:31:02,2,21,6
2026-03-23 00:31:05,0,21,6
2026-03-23 00:31:08,0,21,6
2026-03-23 00:31:11,2,21,6
2026-03-23 00:31:14,2,21,6
2026-03-23 00:31:17,0,21,6
2026-03-23 00:31:20,0,21,6
2026-03-23 00:31:23,1,21,6
2026-03-23 00:31:26,1,21,6
2026-03-23 00:31:28,1,21,6
2026-03-23 00:31:31,1,21,6
2026-03-23 00:31:34,0,21,6
2026-03-23 00:31:37,0,21,6
2026-03-23 00:31:40,1,21,6
2026-03-23 00:31:43,0,21,6
2026-03-23 00:31:46,0,21,6
2026-03-23 00:31:49,0,21,6
2026-03-23 00:31:52,2,21,6
2026-03-23 00:31:54,0,21,6
2026-03-23 00:31:57,0,21,6
2026-03-23 00:32:00,0,21,6
2026-03-23 00:32:03,0,21,6
2026-03-23 00:32:06,0,21,6
2026-03-23 00:32:09,1,21,6
2026-03-23 00:32:12,0,21,6
2026-03-23 00:32:15,1,21,6
2026-03-23 00:32:17,1,21,6
2026-03-23 00:32:20,1,21,6
2026-03-23 00:32:23,0,21,6
2026-03-23 00:32:26,2,21,6
2026-03-23 00:32:29,0,21,6
2026-03-23 00:32:32,0,21,6
2026-03-23 00:32:35,0,21,6
2026-03-23 00:32:38,1,21,6
2026-03-23 00:32:40,0,21,6
2026-03-23 00:32:43,0,21,6
2026-03-23 00:32:46,4,21,6
2026-03-23 00:32:49,0,21,6
2026-03-23 00:32:52,1,21,6
2026-03-23 00:32:55,1,21,6
2026-03-23 00:32:58,1,21,6
2026-03-23 00:33:01,0,21,6
2026-03-23 00:33:04,0,21,6
2026-03-23 00:33:06,0,21,6
2026-03-23 00:33:09,2,21,6
2026-03-23 00:33:12,0,21,6
2026-03-23 00:33:15,0,21,6
2026-03-23 00:33:18,1,21,6
2026-03-23 00:33:21,0,21,6
2026-03-23 00:33:24,0,21,6
2026-03-23 00:33:27,0,21,6
2026-03-23 00:33:29,0,21,6
2026-03-23 00:33:32,0,21,6
2026-03-23 00:33:35,0,21,6
2026-03-23 00:33:38,1,21,6
2026-03-23 00:33:41,1,21,6
2026-03-23 00:33:44,0,21,6
2026-03-23 00:33:47,0,21,6
2026-03-23 00:33:50,0,21,6
2026-03-23 00:33:53,1,21,6
2026-03-23 00:33:55,1,21,6
2026-03-23 00:33:58,0,21,6
2026-03-23 00:34:01,2,21,6
2026-03-23 00:34:04,1,21,6
2026-03-23 00:34:07,0,21,6
2026-03-23 00:34:10,0,21,6
2026-03-23 00:34:13,1,21,6
2026-03-23 00:34:16,1,21,6
2026-03-23 00:34:18,1,21,6
2026-03-23 00:34:21,1,21,6
2026-03-23 00:34:24,0,21,6
2026-03-23 00:34:27,1,21,6
2026-03-23 00:34:30,0,21,6
2026-03-23 00:34:33,0,21,6
2026-03-23 00:34:36,1,21,6
2026-03-23 00:34:39,1,21,6
2026-03-23 00:34:42,0,21,6
2026-03-23 00:34:44,0,21,6
2026-03-23 00:34:47,1,21,6
2026-03-23 00:34:50,1,21,6
2026-03-23 00:34:53,0,21,6
2026-03-23 00:34:56,0,21,6
2026-03-23 00:34:59,0,21,6
2026-03-23 00:35:02,1,21,6
2026-03-23 00:35:05,0,21,6
2026-03-23 00:35:07,0,21,6
2026-03-23 00:35:10,0,21,6
2026-03-23 00:35:13,0,21,6
2026-03-23 00:35:16,2,21,6
2026-03-23 00:35:19,0,21,6
2026-03-23 00:35:22,1,21,6
2026-03-23 00:35:25,1,21,6
2026-03-23 00:35:28,1,21,6
2026-03-23 00:35:30,1,21,6
2026-03-23 00:35:33,0,21,6
2026-03-23 00:35:36,4,21,6
2026-03-23 00:35:39,1,21,6
2026-03-23 00:35:42,2,21,6
2026-03-23 00:35:45,1,21,6
2026-03-23 00:35:48,0,21,6
2026-03-23 00:35:51,1,21,6
2026-03-23 00:35:54,0,21,6
2026-03-23 00:35:56,1,21,6
2026-03-23 00:35:59,1,21,6
2026-03-23 00:36:02,0,21,6
2026-03-23 00:36:05,2,21,6
2026-03-23 00:36:08,0,21,6
2026-03-23 00:36:11,1,21,6
2026-03-23 00:36:14,1,21,6
2026-03-23 00:36:17,0,21,6
2026-03-23 00:36:19,1,21,6
2026-03-23 00:36:22,1,21,6
2026-03-23 00:36:25,1,21,6
2026-03-23 00:36:28,1,21,6
2026-03-23 00:36:31,1,21,6
2026-03-23 00:36:34,0,21,6
2026-03-23 00:36:37,0,21,6
2026-03-23 00:36:40,0,21,6
2026-03-23 00:36:43,0,21,6
2026-03-23 00:36:45,0,21,6
2026-03-23 00:36:48,1,21,6
2026-03-23 00:36:51,4,21,6
2026-03-23 00:36:54,2,21,6
2026-03-23 00:36:57,0,21,6
2026-03-23 00:37:00,1,21,6
2026-03-23 00:37:03,1,21,6
2026-03-23 00:37:06,1,21,6
2026-03-23 00:37:08,0,21,6
2026-03-23 00:37:11,1,21,6
2026-03-23 00:37:14,0,21,6
2026-03-23 00:37:17,0,21,6
2026-03-23 00:37:20,1,21,6
2026-03-23 00:37:23,0,21,6
2026-03-23 00:37:26,0,21,6
2026-03-23 00:37:29,0,21,6
2026-03-23 00:37:32,0,21,6
2026-03-23 00:37:34,0,21,6
2026-03-23 00:37:37,7,21,6
2026-03-23 00:37:40,0,21,6
2026-03-23 00:37:43,0,21,6
2026-03-23 00:37:46,0,21,6
2026-03-23 00:37:49,0,21,6
2026-03-23 00:37:52,0,21,6
2026-03-23 00:37:55,1,21,6
2026-03-23 00:37:57,1,21,6
2026-03-23 00:38:00,1,21,6
2026-03-23 00:38:03,0,21,6
2026-03-23 00:38:06,0,21,6
2026-03-23 00:38:09,0,21,6
2026-03-23 00:38:12,0,21,6
2026-03-23 00:38:15,0,21,6
2026-03-23 00:38:18,0,21,6
2026-03-23 00:38:21,0,21,6
2026-03-23 00:38:23,1,21,6
2026-03-23 00:38:26,1,21,6
2026-03-23 00:38:29,2,21,6
2026-03-23 00:38:32,1,21,6
2026-03-23 00:38:35,1,21,6
2026-03-23 00:38:38,0,21,6
2026-03-23 00:38:41,2,21,6
2026-03-23 00:38:44,0,21,6
2026-03-23 00:38:46,1,21,6
2026-03-23 00:38:49,0,21,6
2026-03-23 00:38:52,1,21,6
